{
  "pd_metrics": {
    "train_auc": 0.8172907960603062,
    "cv_auc_mean": 0.6897209290637873,
    "cv_auc_std": 0.03844887416584646,
    "val_auc": 0.6858747044917258
  },
  "lgd_metrics": {
    "train_rmse": 1.1102230246251565e-16,
    "train_mae": 1.1102230246251565e-16,
    "train_r2": 0.0,
    "cv_rmse_mean": 1.1102230246251565e-16,
    "cv_rmse_std": 0.0,
    "val_rmse": 0.0258198889747161,
    "val_mae": 0.0033333333333334407,
    "val_r2": -0.016949152542372614
  },
  "training_samples": 803,
  "default_rate": 0.3001245330012453,
  "avg_lgd": 0.4500000000000001,
  "val_expected_loss_mean": 0.13652521785610228,
  "val_expected_loss_std": 0.07650720887415473,
  "risk_rating_distribution": {
    "6": 0.4129353233830846,
    "7": 0.32338308457711445,
    "5": 0.14427860696517414,
    "8": 0.07960199004975124,
    "4": 0.029850746268656716,
    "9": 0.009950248756218905
  },
  "mlflow_run_id": "50ebf0abbaa2460ea3725f401769ca32"
}