{
  "pd_metrics": {
    "train_auc": 0.8909283615165968,
    "cv_auc_mean": 0.7854180418337152,
    "cv_auc_std": 0.009419553476529337,
    "val_auc": 0.792111506524318
  },
  "lgd_metrics": {
    "train_rmse": 0.006377707186562938,
    "train_mae": 0.0007214731193012008,
    "train_r2": 0.5098623365643431,
    "cv_rmse_mean": 0.009426118999954193,
    "cv_rmse_std": 0.012811870973081231,
    "val_rmse": 0.0024637477152902316,
    "val_mae": 0.0006330683770158996,
    "val_r2": -4.924611891945916e+26
  },
  "training_samples": 1603,
  "default_rate": 0.30006238303181537,
  "avg_lgd": 0.45041580041580054,
  "val_expected_loss_mean": 0.19193359510452404,
  "val_expected_loss_std": 0.09303938373768446,
  "risk_rating_distribution": {
    "8": 0.35910224438902744,
    "7": 0.3192019950124688,
    "6": 0.18952618453865336,
    "5": 0.11970074812967581,
    "9": 0.012468827930174564
  },
  "mlflow_run_id": "81c2d0168b1943b79f431c0066a6bc08"
}